hour,load_mw,pv_generation_mw,voltage_04_bus_pu,grid_import_mw,total_losses_mw,max_trafo_loading_percent
0,0.1575,0.0,1.0081023824273012,0.18570748602185685,0.028207486021861516,26.476131857804745
1,0.13999999999999999,0.0,1.009437994232504,0.1680051059532937,0.02800510595329564,23.532560111152335
2,0.13299999999999998,0.0,1.0099703414960415,0.16093107537283508,0.027931075372844255,22.357357064918794
3,0.13299999999999998,0.0,1.0099703414960415,0.16093107537283508,0.027931075372844255,22.357357064918794
4,0.13999999999999999,0.0,1.009437994232504,0.1680051059532937,0.02800510595329564,23.532560111152335
5,0.1575,0.0,1.0081023824273012,0.18570748602185685,0.028207486021861516,26.476131857804745
6,0.21,0.015,1.0046243271412314,0.22375078133132856,0.0287507813313366,33.10612256079135
7,0.26249999999999996,0.045,1.0016846707556715,0.24668397573474213,0.029183975734759504,37.5682077138469
8,0.2975,0.105,1.0012457275858917,0.2214039245616738,0.028903924561694633,34.817040280014034
9,0.315,0.165,1.0021495147477697,0.17843330318906328,0.02843330318909068,29.569023104368487
10,0.33249999999999996,0.22499999999999998,1.0030258074113114,0.13559340856552496,0.028093408565544417,25.098838232271113
11,0.35,0.27,1.0033323408328143,0.10796030928616211,0.027960309286183066,23.117691968088014
12,0.35,0.3,1.0044137855586552,0.07782257721484083,0.027822577214853164,20.83453493993315
13,0.33249999999999996,0.285,1.0051988734764303,0.07526549985717298,0.02776549985718217,19.792231891657746
14,0.315,0.24,1.004905226384355,0.10283813689406522,0.027838136894070303,21.07132932524687
15,0.315,0.18,1.0027078099222315,0.16328220196157994,0.0282822019616083,27.66441791773721
16,0.33249999999999996,0.105,0.9985071893638743,0.2570214192268966,0.02952141922698756,40.72871045977101
17,0.3675,0.045,0.9933523339344167,0.3540105931429785,0.03151059314345406,55.5911548812776
18,0.385,0.009,0.9904632273640582,0.4089316477515899,0.03293164775262092,64.12187261031484
19,0.40249999999999997,0.0,0.9886530413985906,0.43625308265307716,0.033753082654723654,68.57290581349883
20,0.3675,0.0,0.9915213558289114,0.40013888107476403,0.032638881075538084,62.452308773303955
21,0.315,0.0,0.9957658486171519,0.3461742551452749,0.031174255145494545,53.34061525517818
22,0.24499999999999997,0.0,1.0013204442440808,0.274596814719559,0.029596814719587805,41.316145440559524
23,0.1925,0.0,1.0054105953133459,0.22118709987605914,0.02868709987606549,32.38742480593345
